id,region,feet_original_datum,provisional_odn_m,easting,northing,baseline_proxy,surface_role,value_confidence,mosaic,pixel_x,pixel_y,notes
early-001,hackney-temple,14.6,4.05384,536806.8991231325,185874.52270600415,True,lane-proxy,high,s18_131051_87113,145,166,"Footpaths and Temple Mill/Homerton roads across Hackney Marsh, away from the river-bank path and bridge crest. Low-road proxy for regional marsh; no blanket fill subtraction."
early-002,hackney-temple,14.7,4.08432,536844.9111452922,185803.53953284177,True,lane-proxy,high,s18_131051_87113,242,360,"Footpaths and Temple Mill/Homerton roads across Hackney Marsh, away from the river-bank path and bridge crest. Low-road proxy for regional marsh; no blanket fill subtraction."
early-003,hackney-temple,15.0,4.17576,536897.5825254808,185768.58462989872,True,lane-proxy,high,s18_131051_87113,381,458,"Footpaths and Temple Mill/Homerton roads across Hackney Marsh, away from the river-bank path and bridge crest. Low-road proxy for regional marsh; no blanket fill subtraction."
early-004,hackney-temple,14.9,4.1452800000000005,536864.8821200167,185725.38761612866,True,lane-proxy,high,s18_131051_87113,290,572,"Footpaths and Temple Mill/Homerton roads across Hackney Marsh, away from the river-bank path and bridge crest. Low-road proxy for regional marsh; no blanket fill subtraction."
early-005,hackney-temple,13.5,3.71856,537140.0264368376,185486.71442031645,True,lane-proxy,high,s18_131054_87116,244,467,"Footpaths and Temple Mill/Homerton roads across Hackney Marsh, away from the river-bank path and bridge crest. Low-road proxy for regional marsh; no blanket fill subtraction."
early-006,hackney-temple,13.7,3.7795199999999998,537110.7512311547,185413.16696500807,True,lane-proxy,high,s18_131054_87116,160,663,"Footpaths and Temple Mill/Homerton roads across Hackney Marsh, away from the river-bank path and bridge crest. Low-road proxy for regional marsh; no blanket fill subtraction."
early-007,hackney-temple,15.2,4.23672,537188.8188765969,185540.37270360388,True,lane-proxy,high,s18_131054_87116,379,326,"Footpaths and Temple Mill/Homerton roads across Hackney Marsh, away from the river-bank path and bridge crest. Low-road proxy for regional marsh; no blanket fill subtraction."
early-008,stratford-west,11.6,3.13944,537553.4416741438,184706.43366792845,True,lane-proxy,high,s18_131057_87125,530,295,"Low path across southern Hackney/Stratford marsh or Marsh Gate Lane margin, distinct from the reservoir and river embankments."
early-009,stratford-west,12.9,3.53568,537498.0899253858,184647.38801119145,False,crossing,medium,s18_131057_87125,377,450,"Low path across southern Hackney/Stratford marsh or Marsh Gate Lane margin, distinct from the reservoir and river embankments. This selected comparison is excluded from marsh fitting: crossing."
early-010,stratford-west,10.9,2.9260800000000002,537438.6251752556,184588.97354304214,True,lane-proxy,high,s18_131057_87125,213,603,"Low path across southern Hackney/Stratford marsh or Marsh Gate Lane margin, distinct from the reservoir and river embankments."
early-011,stratford-west,12.1,3.2918399999999997,537730.112602782,183737.3089655828,True,ground-margin,high,s18_131060_87134,166,614,"Low path across southern Hackney/Stratford marsh or Marsh Gate Lane margin, distinct from the reservoir and river embankments."
early-012,stratford-west,12.4,3.38328,537689.0871803849,183822.34494463215,True,lane-proxy,high,s18_131060_87134,62,382,"Low path across southern Hackney/Stratford marsh or Marsh Gate Lane margin, distinct from the reservoir and river embankments."
early-013,stratford-west,12.7,3.4747199999999996,537742.0871264243,183762.5130964929,True,lane-proxy,high,s18_131060_87134,200,547,"Low path across southern Hackney/Stratford marsh or Marsh Gate Lane margin, distinct from the reservoir and river embankments."
early-014,stratford-east,10.5,2.80416,538137.8912994374,184061.7838069332,True,lane-proxy,high,s18_131063_87131,517,538,Minor dead-end lane east of Waterworks River and north of the railway; low lane surface used as a marsh proxy.
early-015,stratford-east,10.7,2.8651199999999997,538149.4646292279,183964.81397549825,True,lane-proxy,high,s18_131063_87131,541,800,Minor dead-end lane east of Waterworks River and north of the railway; low lane surface used as a marsh proxy.
early-016,mill-meads,8.4,2.1640800000000002,538492.6075964995,183368.1317176135,True,lane-proxy,medium,s18_131066_87140,651,128,Abbey Mill Lane along northern Mill Meads; lane figures around 8 ft are distinct from 15–16 ft Three Mills Wall River banks.
early-017,mill-meads,8.6,2.22504,538555.0421703196,183372.4344169852,True,lane-proxy,medium,s18_131066_87140,819,121,Abbey Mill Lane along northern Mill Meads; lane figures around 8 ft are distinct from 15–16 ft Three Mills Wall River banks.
early-018,mill-meads,8.4,2.1640800000000002,538555.9079560626,183313.41074255377,True,lane-proxy,medium,s18_131066_87140,817,280,Abbey Mill Lane along northern Mill Meads; lane figures around 8 ft are distinct from 15–16 ft Three Mills Wall River banks.
early-019,mill-meads,7.9,2.01168,538767.072805857,183338.8592643778,True,lane-proxy,high,s18_131069_87140,618,227,Abbey Mill Lane along northern Mill Meads; lane figures around 8 ft are distinct from 15–16 ft Three Mills Wall River banks.
early-020,abbey-marsh,5.8,1.3716000000000002,539058.2525907347,182998.46857606637,True,lane-proxy,high,s18_131072_87143,607,397,"Low lane/path on West Ham Abbey Marsh east of Abbey Creek, beside but distinct from the North Woolwich railway."
early-021,abbey-marsh,5.6,1.31064,539079.2575238458,182938.50611199945,True,lane-proxy,high,s18_131072_87143,659,560,"Low lane/path on West Ham Abbey Marsh east of Abbey Creek, beside but distinct from the North Woolwich railway."
early-022,abbey-marsh,5.1,1.15824,539115.4903367694,182907.18665474124,True,lane-proxy,high,s18_131072_87143,754,647,"Low lane/path on West Ham Abbey Marsh east of Abbey Creek, beside but distinct from the North Woolwich railway."
early-023,abbey-marsh,4.6,1.00584,539128.6253072555,182767.52625477768,True,lane-proxy,high,s18_131072_87146,779,256,"Low lane/path on West Ham Abbey Marsh east of Abbey Creek, beside but distinct from the North Woolwich railway."
early-024,abbey-marsh,4.6,1.00584,539149.835434402,182632.16887733783,True,lane-proxy,high,s18_131072_87146,826,622,"Low lane/path on West Ham Abbey Marsh east of Abbey Creek, beside but distinct from the North Woolwich railway."
early-025,abbey-marsh,4.5,0.9753600000000001,539140.1869343003,182508.59117686428,True,lane-proxy,high,s18_131072_87146,791,954,"Low lane/path on West Ham Abbey Marsh east of Abbey Creek, beside but distinct from the North Woolwich railway."
early-026,abbey-marsh,4.4,0.9448800000000002,539097.284707931,182252.980140195,True,lane-proxy,high,s18_131072_87152,657,103,"Low lane/path on West Ham Abbey Marsh east of Abbey Creek, beside but distinct from the North Woolwich railway."
early-027,abbey-marsh,4.7,1.0363200000000001,539121.6229365926,182085.00611792546,True,lane-proxy,high,s18_131072_87152,710,557,"Low lane/path on West Ham Abbey Marsh east of Abbey Creek, beside but distinct from the North Woolwich railway."
early-028,abbey-marsh,5.0,1.12776,539149.6376172858,181973.21943991276,True,lane-proxy,high,s18_131072_87152,777,860,"Low lane/path on West Ham Abbey Marsh east of Abbey Creek, beside but distinct from the North Woolwich railway."
early-029,plaistow-west,3.9,0.79248,539540.970753883,182004.0124879736,True,lane-proxy,high,s18_131078_87155,294,38,"Star Lane/Forty Acres Lane on the low Plaistow marsh; ordinary lane surface, not the higher Barking Road or a benchmark."
early-030,plaistow-west,3.4,0.6400799999999999,539597.4215459072,181996.27660997747,True,lane-proxy,high,s18_131078_87155,445,63,"Star Lane/Forty Acres Lane on the low Plaistow marsh; ordinary lane surface, not the higher Barking Road or a benchmark."
early-031,plaistow-west,3.8,0.762,539670.0842499656,181994.93054536066,True,lane-proxy,high,s18_131078_87155,640,72,"Star Lane/Forty Acres Lane on the low Plaistow marsh; ordinary lane surface, not the higher Barking Road or a benchmark."
early-032,plaistow-west,4.7,1.0363200000000001,539865.1361279406,181998.8108947907,True,lane-proxy,high,s18_131081_87155,396,76,"Star Lane/Forty Acres Lane on the low Plaistow marsh; ordinary lane surface, not the higher Barking Road or a benchmark."
early-033,plaistow-west,4.7,1.0363200000000001,539946.4343145972,182008.4791941031,True,lane-proxy,high,s18_131081_87155,615,56,"Star Lane/Forty Acres Lane on the low Plaistow marsh; ordinary lane surface, not the higher Barking Road or a benchmark."
early-034,plaistow-west,4.0,0.8229600000000001,539969.5171638906,181386.86336870247,True,lane-proxy,high,s18_131081_87161,631,195,"Star Lane/Forty Acres Lane on the low Plaistow marsh; ordinary lane surface, not the higher Barking Road or a benchmark."
early-035,plaistow-west,4.2,0.8839200000000002,539884.6220342959,181250.4065462171,True,lane-proxy,high,s18_131081_87161,393,556,"Star Lane/Forty Acres Lane on the low Plaistow marsh; ordinary lane surface, not the higher Barking Road or a benchmark."
early-036,plaistow-west,4.9,1.0972800000000003,539859.7290182344,181166.8704765911,True,lane-proxy,high,s18_131081_87161,320,779,"Star Lane/Forty Acres Lane on the low Plaistow marsh; ordinary lane surface, not the higher Barking Road or a benchmark."
early-037,plaistow-east,5.7,1.34112,540474.7369794892,181126.24635256972,True,lane-proxy,high,s18_131087_87164,432,166,Green Lane/Dirty Lane/Prince Regent Lane across Plaistow Marsh; low lanes used as representative ground proxies.
early-038,plaistow-east,5.2,1.1887200000000002,540555.9637787407,181125.5200776222,True,lane-proxy,high,s18_131087_87164,650,174,Green Lane/Dirty Lane/Prince Regent Lane across Plaistow Marsh; low lanes used as representative ground proxies.
early-039,plaistow-east,5.6,1.31064,540381.7915325774,180971.34524958977,True,lane-proxy,high,s18_131087_87164,171,576,Green Lane/Dirty Lane/Prince Regent Lane across Plaistow Marsh; low lanes used as representative ground proxies.
early-040,plaistow-east,4.7,1.0363200000000001,540660.2593929213,181071.93171573099,True,lane-proxy,high,s18_131087_87164,926,326,Green Lane/Dirty Lane/Prince Regent Lane across Plaistow Marsh; low lanes used as representative ground proxies.
early-041,plaistow-east,4.6,1.00584,541156.402875043,181167.42802817252,True,lane-proxy,high,s18_131093_87164,729,106,Green Lane/Dirty Lane/Prince Regent Lane across Plaistow Marsh; low lanes used as representative ground proxies.
early-042,plaistow-east,4.7,1.0363200000000001,541207.6706687763,181078.5677258424,True,lane-proxy,high,s18_131093_87164,860,349,Green Lane/Dirty Lane/Prince Regent Lane across Plaistow Marsh; low lanes used as representative ground proxies.
early-043,mill-meads,15.9,4.45008,538280.8073440462,183284.0014041018,False,bank,high,s18_131066_87140,76,339,Abbey Mill Lane along northern Mill Meads; lane figures around 8 ft are distinct from 15–16 ft Three Mills Wall River banks. This selected comparison is excluded from marsh fitting: bank.
early-044,mill-meads,16.4,4.60248,538327.8625184135,183183.15527588443,False,bank,high,s18_131066_87140,195,614,Abbey Mill Lane along northern Mill Meads; lane figures around 8 ft are distinct from 15–16 ft Three Mills Wall River banks. This selected comparison is excluded from marsh fitting: bank.
early-045,stratford-west,15.3,4.2672,537716.6583835008,184466.56255131384,False,bank,high,s18_131060_87128,183,185,"Low path across southern Hackney/Stratford marsh or Marsh Gate Lane margin, distinct from the reservoir and river embankments. This selected comparison is excluded from marsh fitting: bank."
early-046,stratford-west,15.4,4.29768,537853.8025718628,184364.84014044632,False,bank,high,s18_131060_87128,544,469,"Low path across southern Hackney/Stratford marsh or Marsh Gate Lane margin, distinct from the reservoir and river embankments. This selected comparison is excluded from marsh fitting: bank."
early-047,stratford-east,16.8,4.7244,538421.1697890429,183694.0880366207,False,major-road,high,s18_131066_87134,483,781,Minor dead-end lane east of Waterworks River and north of the railway; low lane surface used as a marsh proxy. This selected comparison is excluded from marsh fitting: major-road.
early-048,stratford-east,18.4,5.212079999999999,538598.2942356856,183915.77836702816,False,major-road,high,s18_131066_87134,975,197,Minor dead-end lane east of Waterworks River and north of the railway; low lane surface used as a marsh proxy. This selected comparison is excluded from marsh fitting: major-road.
early-049,mill-meads,8.5,2.19456,538572.519029236,183318.69179142528,False,benchmark,high,s18_131069_87140,94,267,Abbey Mill Lane along northern Mill Meads; lane figures around 8 ft are distinct from 15–16 ft Three Mills Wall River banks. This selected comparison is excluded from marsh fitting: benchmark.
early-050,plaistow-west,9.2,2.40792,539803.8956888667,181842.2195078277,False,major-road,high,s18_131081_87155,220,493,"Star Lane/Forty Acres Lane on the low Plaistow marsh; ordinary lane surface, not the higher Barking Road or a benchmark. This selected comparison is excluded from marsh fitting: major-road."
early-051,plaistow-east,9.4,2.46888,540395.2042917497,181119.5899747805,False,benchmark,high,s18_131087_87164,218,178,Green Lane/Dirty Lane/Prince Regent Lane across Plaistow Marsh; low lanes used as representative ground proxies. This selected comparison is excluded from marsh fitting: benchmark.
early-052,leyton-north,15.2,4.23672,537044.8940981692,186941.651381228,True,lane-proxy,high,s18_131054_87101,94,380,Marsh Lane low end distinguished from its rise toward Church Lane and the Leyton terrace.
early-053,hackney-temple,15.4,4.29768,537641.41401577,185950.54104474426,True,lane-proxy,high,s18_131057_87110,857,790,"Footpaths and Temple Mill/Homerton roads across Hackney Marsh, away from the river-bank path and bridge crest. Low-road proxy for regional marsh; no blanket fill subtraction."
early-054,leyton-north,28.0,8.138160000000001,537195.6946435131,187019.94705455698,False,terrace-road,high,s18_131054_87101,505,180,Marsh Lane low end distinguished from its rise toward Church Lane and the Leyton terrace. This selected comparison is excluded from marsh fitting: terrace-road.
early-055,leyton-north,38.5,11.338560000000001,537272.2243077124,187079.16562658,False,terrace-road,high,s18_131054_87101,715,26,Marsh Lane low end distinguished from its rise toward Church Lane and the Leyton terrace. This selected comparison is excluded from marsh fitting: terrace-road.
early-056,thames-marsh,6.2,1.4935200000000002,540268.323398958,180560.97912251484,True,lane-proxy,high,s18_131084_87170,604,136,Southern Green Lane across Plaistow Marsh before dock construction; not a Thames flood-wall crest.
early-057,thames-marsh,5.6,1.31064,540275.9363328833,180487.61630238354,True,lane-proxy,high,s18_131084_87170,619,334,Southern Green Lane across Plaistow Marsh before dock construction; not a Thames flood-wall crest.
